"my_time","p1_bite","p2_bite","sensitive"
1682,1,0,0
1683,0,0,1
1684,0,0,1
1685,0,0,1
1686,0,0,1
1687,0,0,1
1688,0,1,0
1689,0,0,0
1690,1,0,0
1691,0,0,1
1692,0,0,1
1693,0,0,1
1694,0,0,1
1695,0,0,1
1696,1,0,0
1697,0,0,1
1698,0,0,1
1699,0,0,1
1700,0,0,1
1701,0,0,1
1702,0,1,0
1703,1,0,0
1704,0,0,1
1705,0,0,1
1706,0,0,1
1707,0,0,1
1708,0,0,1
1709,0,0,0
1710,0,0,0
1711,0,1,0
1712,1,0,0
1713,0,0,1
1714,0,0,1
1715,0,0,1
1716,1,0,1
1717,0,0,1
1718,0,0,1
1719,0,0,1
1720,0,0,1
1721,0,0,1
1722,0,0,0
1723,0,0,0
1724,0,0,0
1725,0,0,0
1726,0,0,0
1727,0,1,0
1728,1,0,0
1729,0,0,1
1730,0,0,1
1731,0,0,1
1732,0,0,1
1733,0,0,1
1734,0,0,0
1735,0,1,0
1736,1,0,0
1737,0,0,1
1738,0,0,1
1739,0,0,1
1740,0,0,1
1741,0,0,1
1742,0,0,0
1743,0,0,0
1744,0,0,0
1745,1,0,0
1746,0,0,1
1747,0,0,1
1748,0,0,1
1749,0,0,1
1750,0,1,1
1751,0,0,0
1752,0,0,0
1753,0,0,0
1754,0,1,0
1755,0,0,0
1756,1,0,0
1757,0,0,1
1758,0,0,1
1759,0,0,1
1760,0,0,1
1761,0,0,1
1762,1,0,0
1763,0,1,1
1764,0,0,1
1765,0,0,1
1766,0,0,1
1767,0,0,1
1768,0,0,0
1769,1,0,0
1770,0,1,1
1771,0,0,1
1772,0,1,1
1773,0,0,1
1774,1,0,1
1775,0,0,1
1776,0,0,1
1777,0,0,1
1778,0,1,1
1779,0,0,1
1780,0,0,0
1781,1,0,0
1782,0,0,1
1783,0,0,1
1784,0,0,1
1785,0,0,1
1786,1,0,1
1787,0,0,1
1788,0,0,1
1789,1,0,1
1790,0,1,1
1791,0,0,1
1792,0,0,1
1793,1,0,1
1794,0,0,1
1795,1,0,1
1796,0,0,1
1797,0,0,1
1798,0,0,1
1799,0,0,1
1800,0,1,1
1801,0,0,0
1802,0,0,0
1803,0,0,0
1804,0,0,0
1805,0,0,0
1806,0,0,0
1807,0,0,0
1808,1,0,0
1809,0,0,1
1810,0,0,1
1811,0,0,1
1812,0,0,1
1813,0,0,1
1814,0,0,0
1815,0,0,0
1816,1,1,0
1817,0,0,1
1818,0,0,1
1819,0,0,1
1820,0,0,1
1821,0,0,1
1822,0,0,0
1823,0,0,0
1824,0,1,0
1825,0,0,0
1826,0,0,0
1827,1,0,0
1828,0,0,1
1829,0,0,1
1830,0,0,1
1831,0,0,1
1832,0,0,1
1833,0,0,0
1834,0,0,0
1835,0,0,0
1836,0,0,0
1837,0,0,0
1838,0,0,0
1839,1,0,0
1840,0,1,1
1841,0,0,1
1842,0,0,1
1843,0,0,1
1844,0,0,1
1845,0,1,0
1846,0,0,0
1847,0,0,0
1848,0,0,0
1849,0,0,0
1850,0,0,0
1851,0,0,0
1852,0,0,0
1853,0,0,0
1854,0,0,0
1855,0,0,0
1856,1,0,0
1857,0,1,1
1858,0,0,1
1859,0,0,1
1860,0,0,1
1861,0,0,1
1862,0,0,0
1863,1,0,0
1864,0,0,1
1865,0,0,1
1866,0,0,1
1867,0,1,1
1868,0,0,1
1869,0,0,0
1870,0,0,0
1871,0,1,0
1872,1,0,0
1873,0,0,1
1874,0,1,1
1875,0,0,1
1876,0,0,1
1877,0,0,1
1878,0,0,0
1879,0,1,0
1880,0,0,0
1881,0,0,0
1882,0,1,0
1883,0,0,0
1884,0,0,0
1885,0,0,0
1886,0,0,0
1887,0,0,0
1888,0,0,0
1889,0,0,0
1890,0,0,0
1891,0,1,0
1892,1,0,0
1893,0,0,1
1894,0,0,1
1895,0,1,1
1896,1,0,1
1897,0,0,1
1898,0,0,1
1899,1,0,1
1900,0,0,1
1901,0,0,1
1902,0,1,1
1903,0,0,1
1904,0,0,1
1905,0,0,0
1906,0,0,0
1907,0,0,0
1908,0,0,0
1909,0,0,0
1910,0,0,0
1911,0,0,0
1912,0,0,0
1913,0,0,0
1914,0,0,0
1915,0,1,0
1916,0,0,0
1917,0,0,0
1918,0,1,0
1919,0,0,0
1920,0,0,0
1921,0,0,0
1922,0,0,0
1923,0,0,0
1924,0,0,0
1925,0,0,0
1926,0,0,0
1927,0,0,0
1928,0,0,0
1929,0,1,0
1930,0,0,0
1931,0,0,0
1932,0,0,0
1933,1,0,0
1934,0,1,1
1935,0,0,1
1936,0,0,1
1937,0,0,1
1938,0,0,1
1939,0,1,0
1940,0,0,0
1941,0,0,0
1942,0,0,0
1943,0,1,0
1944,0,0,0
1945,0,1,0
1946,0,0,0
1947,0,1,0
1948,0,0,0
1949,0,0,0
1950,0,0,0
1951,0,1,0
1952,0,0,0
1953,0,1,0
1954,0,0,0
1955,0,0,0
1956,0,1,0
1957,0,0,0
1958,0,0,0
1959,0,0,0
1960,0,0,0
1961,0,0,0
1962,0,0,0
1963,0,0,0
1964,0,0,0
1965,0,0,0
1966,0,0,0
1967,1,0,0
1968,0,0,1
1969,0,0,1
1970,0,0,1
1971,0,0,1
1972,0,1,1
1973,0,0,0
1974,0,0,0
1975,0,0,0
1976,0,0,0
1977,0,0,0
1978,0,1,0
1979,1,0,0
1980,0,0,1
1981,0,0,1
1982,0,0,1
1983,0,0,1
1984,0,0,1
1985,0,0,0
1986,0,0,0
1987,0,0,0
1988,0,0,0
1989,0,0,0
1990,0,0,0
1991,1,0,0
1992,0,0,1
1993,0,0,1
1994,0,0,1
1995,0,0,1
1996,0,0,1
1997,0,0,0
1998,1,0,0
1999,0,0,1
2000,0,0,1
2001,0,0,1
2002,0,0,1
2003,0,0,1
2004,0,0,0
2005,0,0,0
2006,0,0,0
2007,1,0,0
2008,0,0,1
2009,0,0,1
2010,0,0,1
2011,0,0,1
2012,0,0,1
2013,0,0,0
2014,0,0,0
2015,0,0,0
2016,0,0,0
2017,0,0,0
2018,0,0,0
2019,0,0,0
2020,0,0,0
2021,0,0,0
2022,0,0,0
2023,0,0,0
2024,0,0,0
2025,1,0,0
2026,0,0,1
2027,0,0,1
2028,0,0,1
2029,0,0,1
2030,0,0,1
2031,0,0,0
2032,0,0,0
2033,0,0,0
2034,0,0,0
2035,1,0,0
2036,0,0,1
2037,0,0,1
2038,0,0,1
2039,0,0,1
2040,0,0,1
2041,0,0,0
2042,0,0,0
2043,0,0,0
2044,1,0,0
2045,0,0,1
2046,0,0,1
2047,0,0,1
2048,0,0,1
2049,1,0,1
2050,0,0,1
2051,0,0,1
2052,0,0,1
2053,0,0,1
2054,0,0,1
2055,0,0,0
2056,0,0,0
2057,0,0,0
2058,0,0,0
2059,0,0,0
2060,0,0,0
2061,0,0,0
2062,0,0,0
2063,0,0,0
2064,0,0,0
2065,0,0,0
2066,0,0,0
2067,0,0,0
2068,0,0,0
2069,0,0,0
2070,0,0,0
2071,0,0,0
2072,0,0,0
2073,0,0,0
2074,0,0,0
2075,0,0,0
2076,0,0,0
2077,0,0,0
2078,0,0,0
2079,0,0,0
2080,0,0,0
2081,0,0,0
2082,1,0,0
2083,0,0,1
2084,1,0,1
2085,0,0,1
2086,0,0,1
2087,0,0,1
2088,0,0,1
2089,0,0,1
2090,0,0,0
2091,0,0,0
2092,0,0,0
2093,0,0,0
2094,0,0,0
2095,0,0,0
2096,0,0,0
2097,0,0,0
2098,0,0,0
2099,0,0,0
2100,0,0,0
2101,0,0,0
2102,0,0,0
2103,0,0,0
2104,0,0,0
2105,0,0,0
2106,0,0,0
2107,0,0,0
2108,0,0,0
2109,0,0,0
2110,0,0,0
2111,0,0,0
2112,0,0,0
2113,0,0,0
2114,0,0,0
2115,0,0,0
2116,0,0,0
2117,0,0,0
2118,0,0,0
2119,0,1,0
2120,0,0,0
2121,0,0,0
2122,0,0,0
2123,0,1,0
2124,0,0,0
2125,0,0,0
2126,0,0,0
2127,0,0,0
2128,0,0,0
2129,0,0,0
2130,0,0,0
2131,0,0,0
2132,0,0,0
2133,0,0,0
2134,0,0,0
2135,0,0,0
2136,0,0,0
2137,0,0,0
2138,0,0,0
2139,0,0,0
2140,0,0,0
2141,0,0,0
2142,0,0,0
2143,0,0,0
2144,0,0,0
2145,0,0,0
2146,0,0,0
2147,0,0,0
2148,0,0,0
2149,0,0,0
2150,0,0,0
2151,0,0,0
2152,0,0,0
2153,0,0,0
2154,0,0,0
2155,0,0,0
2156,0,0,0
2157,0,0,0
2158,0,0,0
2159,0,0,0
2160,0,0,0
2161,0,0,0
2162,0,0,0
2163,0,0,0
2164,0,0,0
2165,0,0,0
2166,0,0,0
2167,0,0,0
2168,0,0,0
2169,0,0,0
2170,0,0,0
2171,0,0,0
2172,0,0,0
2173,0,0,0
2174,0,0,0
2175,0,0,0
2176,0,1,0
2177,0,0,0
2178,0,0,0
2179,0,0,0
2180,0,0,0
2181,0,0,0
2182,0,0,0
2183,0,0,0
2184,0,1,0
2185,0,0,0
2186,0,0,0
2187,0,0,0
2188,0,0,0
2189,0,0,0
2190,0,0,0
2191,0,0,0
2192,0,0,0
2193,0,0,0
2194,0,0,0
2195,0,0,0
2196,0,0,0
2197,0,0,0
2198,0,0,0
2199,0,0,0
2200,0,0,0
2201,0,0,0
2202,0,0,0
2203,0,0,0
2204,0,0,0
2205,0,0,0
2206,0,0,0
2207,0,1,0
2208,0,0,0
2209,0,0,0
2210,0,0,0
2211,0,0,0
2212,0,1,0
2213,0,0,0
2214,0,0,0
2215,0,0,0
2216,0,0,0
2217,0,0,0
2218,0,1,0
2219,0,0,0
2220,0,0,0
2221,0,0,0
2222,0,0,0
2223,0,0,0
2224,0,0,0
2225,0,0,0
2226,0,0,0
2227,0,1,0
2228,0,0,0
2229,0,0,0
2230,0,0,0
2231,0,0,0
2232,0,0,0
2233,0,0,0
2234,0,1,0
2235,0,0,0
2236,0,0,0
2237,0,0,0
2238,0,0,0
2239,0,1,0
2240,0,0,0
2241,0,0,0
2242,0,0,0
2243,0,1,0
2244,0,0,0
2245,0,0,0
2246,0,0,0
2247,0,1,0
2248,0,0,0
2249,0,0,0
2250,0,0,0
2251,0,0,0
2252,0,0,0
2253,0,0,0
2254,0,0,0
2255,0,0,0
2256,0,0,0
2257,0,1,0
2258,0,0,0
2259,0,0,0
2260,0,0,0
2261,0,0,0
2262,0,0,0
2263,0,0,0
2264,0,0,0
2265,0,1,0
2266,0,0,0
2267,0,0,0
2268,0,0,0
2269,0,0,0
2270,0,0,0
2271,0,0,0
2272,0,0,0
2273,0,1,0
2274,0,0,0
2275,0,0,0
2276,0,0,0
2277,0,1,0
2278,0,0,0
2279,0,0,0
2280,0,0,0
2281,0,0,0
2282,0,0,0
2283,1,0,0
2284,0,0,1
2285,0,0,1
2286,1,0,1
2287,0,1,1
2288,0,0,1
2289,0,0,1
2290,1,0,1
2291,0,0,1
2292,0,0,1
2293,0,0,1
2294,0,0,1
2295,0,0,1
2296,0,0,0
2297,0,1,0
2298,0,0,0
2299,0,0,0
2300,0,1,0
2301,0,0,0
2302,0,0,0
2303,0,0,0
2304,0,0,0
2305,0,0,0
2306,0,0,0
2307,0,1,0
2308,0,0,0
2309,0,0,0
2310,0,0,0
2311,0,0,0
2312,0,0,0
2313,0,1,0
2314,0,0,0
2315,0,0,0
2316,0,0,0
2317,0,1,0
2318,0,0,0
2319,0,0,0
2320,0,0,0
2321,0,0,0
2322,0,0,0
2323,0,0,0
2324,0,0,0
2325,0,1,0
2326,0,0,0
2327,0,0,0
2328,0,0,0
2329,0,0,0
2330,0,0,0
2331,0,0,0
2332,0,1,0
2333,0,0,0
2334,0,0,0
2335,0,0,0
2336,0,0,0
2337,0,0,0
2338,0,1,0
2339,0,0,0
2340,0,0,0
2341,0,0,0
2342,1,0,0
2343,0,0,1
2344,1,0,1
2345,0,0,1
2346,0,0,1
2347,0,0,1
2348,0,0,1
2349,0,1,1
2350,0,0,0
2351,0,0,0
2352,0,0,0
2353,1,0,0
2354,0,0,1
2355,0,0,1
2356,0,0,1
2357,0,0,1
2358,0,0,1
2359,0,0,0
2360,0,0,0
2361,0,1,0
2362,0,0,0
2363,0,0,0
2364,0,0,0
2365,0,0,0
2366,0,0,0
2367,0,0,0
2368,0,0,0
2369,0,0,0
2370,0,0,0
2371,0,0,0
2372,0,0,0
2373,0,0,0
2374,0,0,0
2375,0,0,0
2376,0,0,0
2377,0,0,0
2378,0,0,0
2379,0,0,0
2380,1,0,0
2381,0,0,1
2382,0,0,1
2383,0,0,1
2384,0,0,1
2385,0,0,1
2386,0,0,0
2387,0,0,0
2388,0,0,0
2389,0,0,0
2390,0,0,0
2391,0,0,0
2392,0,0,0
2393,0,0,0
2394,0,0,0
2395,0,0,0
2396,0,0,0
2397,0,0,0
2398,0,0,0
2399,0,0,0
2400,0,0,0
2401,0,0,0
2402,0,0,0
2403,0,0,0
2404,0,0,0
2405,0,0,0
2406,0,0,0
2407,0,0,0
2408,0,0,0
2409,0,0,0
2410,0,0,0
2411,0,0,0
2412,0,0,0
2413,0,0,0
2414,0,0,0
2415,0,0,0
2416,0,0,0
2417,0,0,0
2418,0,0,0
2419,0,0,0
2420,0,0,0
2421,0,0,0
2422,0,1,0
2423,0,0,0
2424,0,0,0
2425,0,0,0
2426,0,0,0
2427,0,0,0
2428,0,0,0
2429,0,0,0
2430,0,0,0
2431,0,0,0
2432,0,0,0
2433,0,0,0
2434,0,0,0
2435,0,0,0
2436,0,0,0
2437,0,0,0
2438,0,0,0
2439,0,1,0
2440,0,0,0
2441,0,0,0
2442,0,0,0
2443,0,0,0
2444,0,0,0
2445,0,0,0
2446,0,0,0
2447,0,0,0
2448,0,0,0
2449,0,0,0
2450,0,0,0
2451,0,0,0
2452,0,0,0
2453,0,0,0
2454,0,0,0
2455,0,0,0
2456,0,0,0
2457,0,0,0
2458,0,0,0
2459,0,0,0
2460,1,1,0
2461,0,0,1
2462,0,0,1
2463,1,0,1
2464,0,0,1
2465,0,0,1
2466,0,0,1
2467,0,0,1
2468,0,0,1
2469,0,0,0
2470,0,0,0
2471,1,0,0
2472,0,0,1
2473,0,0,1
2474,0,0,1
2475,0,0,1
2476,0,0,1
2477,0,0,0
2478,1,0,0
2479,0,0,1
2480,0,1,1
2481,0,0,1
2482,0,0,1
2483,0,0,1
2484,0,0,0
2485,0,0,0
2486,0,0,0
2487,0,1,0
2488,1,0,0
2489,0,0,1
2490,0,0,1
2491,1,0,1
2492,0,0,1
2493,0,0,1
2494,0,0,1
2495,1,0,1
2496,0,0,1
2497,0,0,1
2498,0,0,1
2499,1,0,1
2500,0,0,1
2501,0,0,1
2502,1,0,1
2503,0,0,1
2504,0,0,1
2505,0,0,1
2506,1,0,1
2507,0,0,1
2508,0,0,1
2509,0,0,1
2510,0,0,1
2511,0,0,1
2512,0,0,0
2513,0,0,0
2514,0,0,0
2515,0,0,0
2516,0,0,0
2517,0,0,0
2518,0,0,0
2519,0,0,0
2520,0,0,0
2521,0,0,0
2522,0,0,0
2523,0,1,0
2524,0,0,0
2525,0,0,0
2526,0,0,0
2527,0,0,0
2528,0,0,0
2529,0,0,0
2530,0,0,0
2531,0,1,0
2532,0,0,0
2533,0,0,0
2534,0,0,0
2535,0,0,0
2536,0,0,0
2537,0,0,0
2538,0,0,0
2539,0,0,0
2540,0,0,0
2541,0,0,0
2542,0,1,0
2543,0,0,0
2544,0,0,0
2545,0,0,0
2546,0,0,0
2547,0,0,0
2548,0,0,0
2549,0,0,0
2550,0,0,0
2551,0,0,0
2552,0,0,0
2553,1,0,0
2554,0,0,1
2555,0,0,1
2556,1,0,1
2557,0,0,1
2558,0,0,1
2559,0,0,1
2560,0,0,1
2561,0,0,1
2562,0,0,0
2563,0,0,0
2564,0,0,0
2565,0,0,0
2566,0,0,0
2567,0,0,0
2568,0,0,0
2569,0,0,0
2570,0,0,0
2571,0,0,0
2572,0,0,0
2573,0,0,0
2574,0,1,0
2575,0,0,0
2576,0,0,0
2577,0,0,0
2578,0,0,0
2579,0,0,0
2580,0,0,0
2581,0,0,0
2582,0,0,0
2583,0,0,0
2584,0,0,0
2585,0,0,0
2586,0,0,0
2587,0,0,0
2588,0,0,0
2589,0,0,0
2590,0,0,0
2591,0,0,0
2592,0,0,0
2593,0,1,0
2594,0,0,0
2595,0,0,0
2596,0,0,0
2597,0,0,0
2598,0,0,0
2599,0,0,0
2600,0,0,0
2601,0,0,0
2602,0,0,0
2603,0,0,0
2604,0,0,0
2605,0,0,0
2606,0,0,0
2607,0,0,0
2608,0,0,0
2609,0,0,0
2610,0,1,0
2611,0,0,0
2612,0,0,0
2613,0,0,0
2614,0,0,0
2615,0,0,0
2616,0,0,0
2617,0,0,0
2618,0,0,0
2619,0,0,0
2620,0,0,0
2621,0,0,0
2622,0,0,0
2623,0,0,0
2624,0,0,0
2625,0,0,0
2626,0,0,0
2627,0,0,0
2628,0,0,0
2629,0,0,0
2630,0,0,0
2631,0,0,0
2632,0,0,0
2633,0,0,0
2634,0,0,0
2635,0,0,0
2636,0,0,0
2637,0,0,0
2638,0,0,0
2639,1,0,0
2640,0,0,1
2641,0,0,1
2642,0,0,1
2643,0,0,1
2644,0,0,1
2645,0,0,0
2646,0,0,0
2647,0,0,0
2648,0,0,0
2649,0,0,0
2650,1,0,0
2651,0,0,1
2652,0,0,1
2653,0,0,1
2654,0,0,1
2655,1,0,1
2656,0,0,1
2657,0,0,1
2658,1,0,1
2659,0,0,1
2660,0,0,1
2661,1,0,1
2662,0,0,1
2663,0,0,1
2664,0,0,1
2665,0,0,1
2666,0,0,1
2667,0,0,0
2668,1,0,0
2669,0,0,1
2670,0,0,1
2671,0,0,1
2672,0,0,1
2673,1,0,1
2674,0,0,1
2675,0,0,1
2676,0,0,1
2677,0,0,1
2678,1,0,1
2679,0,0,1
2680,0,0,1
2681,0,0,1
2682,0,0,1
2683,0,0,1
2684,0,0,0
2685,1,0,0
2686,0,0,1
2687,0,0,1
2688,0,0,1
2689,0,0,1
2690,0,0,1
2691,0,0,0
2692,0,0,0
2693,0,0,0
2694,0,0,0
2695,0,0,0
2696,1,0,0
2697,0,0,1
2698,0,0,1
2699,0,0,1
2700,0,0,1
2701,1,0,1
2702,0,0,1
2703,0,0,1
2704,0,0,1
2705,0,0,1
2706,0,0,1
2707,0,0,0
2708,1,0,0
2709,0,0,1
2710,0,0,1
2711,0,0,1
2712,1,0,1
2713,0,0,1
2714,0,0,1
2715,0,0,1
2716,1,0,1
2717,0,0,1
2718,0,0,1
2719,0,0,1
2720,1,0,1
2721,0,0,1
2722,0,0,1
2723,0,0,1
2724,1,0,1
2725,0,0,1
2726,0,0,1
2727,0,0,1
2728,0,0,1
2729,0,0,1
2730,0,0,0
2731,0,0,0
2732,0,0,0
2733,0,1,0
2734,0,0,0
2735,0,0,0
2736,1,0,0
2737,0,0,1
2738,0,0,1
2739,0,0,1
2740,0,0,1
2741,1,0,1
2742,0,0,1
2743,0,0,1
2744,0,0,1
2745,0,0,1
2746,0,0,1
2747,0,0,0
2748,0,0,0
2749,0,0,0
2750,0,0,0
2751,0,0,0
2752,0,0,0
2753,0,0,0
2754,0,0,0
2755,1,0,0
2756,0,0,1
2757,0,0,1
2758,0,0,1
2759,0,0,1
2760,0,0,1
2761,1,0,0
2762,0,0,1
2763,0,0,1
2764,0,0,1
2765,0,0,1
2766,0,0,1
2767,0,0,0
2768,0,0,0
2769,0,0,0
2770,1,0,0
2771,0,0,1
2772,0,0,1
2773,0,0,1
2774,0,0,1
2775,0,0,1
2776,0,0,0
2777,0,0,0
2778,0,0,0
2779,0,0,0
2780,0,0,0
2781,0,0,0
2782,0,0,0
2783,0,0,0
2784,0,0,0
2785,0,0,0
2786,0,0,0
2787,0,1,0
2788,0,0,0
2789,0,0,0
2790,0,0,0
2791,0,0,0
2792,0,0,0
2793,0,0,0
2794,0,0,0
2795,0,0,0
2796,0,0,0
2797,0,0,0
2798,0,0,0
2799,0,0,0
2800,0,0,0
2801,0,0,0
2802,0,0,0
2803,0,1,0
2804,0,0,0
2805,0,0,0
2806,0,0,0
2807,0,0,0
2808,0,0,0
2809,0,0,0
2810,0,0,0
2811,0,0,0
2812,0,0,0
2813,0,0,0
2814,0,0,0
2815,0,0,0
2816,0,0,0
2817,0,0,0
2818,0,0,0
2819,0,0,0
2820,0,0,0
2821,0,0,0
2822,0,0,0
2823,0,0,0
2824,0,0,0
2825,0,0,0
2826,0,1,0
2827,0,0,0
2828,0,0,0
2829,0,0,0
2830,0,0,0
2831,0,0,0
2832,0,0,0
2833,0,0,0
2834,0,0,0
2835,0,0,0
2836,0,0,0
2837,0,0,0
2838,0,0,0
2839,0,0,0
2840,0,1,0
2841,0,0,0
2842,0,0,0
2843,0,0,0
2844,0,0,0
2845,0,0,0
2846,0,0,0
2847,0,0,0
2848,0,0,0
2849,0,0,0
2850,0,0,0
2851,0,0,0
2852,0,0,0
2853,0,0,0
2854,0,0,0
2855,0,0,0
2856,0,0,0
2857,0,0,0
2858,0,0,0
2859,0,0,0
2860,0,0,0
2861,0,0,0
2862,0,0,0
2863,0,0,0
2864,0,0,0
2865,0,0,0
2866,0,0,0
2867,0,0,0
2868,1,0,0
2869,0,0,1
2870,0,0,1
2871,1,0,1
2872,0,0,1
2873,1,0,1
2874,0,0,1
2875,1,0,1
2876,0,0,1
2877,0,0,1
2878,1,0,1
2879,0,0,1
2880,0,0,1
2881,1,0,1
2882,0,0,1
2883,0,0,1
2884,1,0,1
2885,0,0,1
2886,0,0,1
2887,0,0,1
2888,0,0,1
2889,0,0,1
2890,0,1,0
2891,1,0,0
2892,0,0,1
2893,0,0,1
2894,0,0,1
2895,0,0,1
2896,0,0,1
2897,0,0,0
2898,0,0,0
2899,0,0,0
2900,0,0,0
2901,0,0,0
2902,0,0,0
2903,0,0,0
2904,0,0,0
2905,0,0,0
2906,0,0,0
2907,0,0,0
2908,0,0,0
2909,0,0,0
2910,0,0,0
2911,1,0,0
2912,0,0,1
2913,0,0,1
2914,1,0,1
2915,0,0,1
2916,0,0,1
2917,0,0,1
2918,1,0,1
2919,0,0,1
2920,0,0,1
2921,0,0,1
2922,0,0,1
2923,0,1,1
2924,0,0,0
2925,0,0,0
2926,0,0,0
2927,0,0,0
2928,0,0,0
2929,1,0,0
2930,0,0,1
2931,0,0,1
2932,1,0,1
2933,0,0,1
2934,0,0,1
2935,0,0,1
2936,0,0,1
2937,0,0,1
2938,0,1,0
2939,0,0,0
2940,0,0,0
2941,0,0,0
2942,1,0,0
2943,0,0,1
2944,0,0,1
2945,0,0,1
2946,0,0,1
2947,0,0,1
2948,0,0,0
2949,0,0,0
2950,0,0,0
2951,0,0,0
2952,0,1,0
2953,0,0,0
2954,0,0,0
2955,0,0,0
2956,0,0,0
2957,0,0,0
2958,0,0,0
2959,0,0,0
2960,0,0,0
2961,0,0,0
2962,0,0,0
2963,0,0,0
2964,0,0,0
2965,0,0,0
2966,0,0,0
2967,0,0,0
2968,0,0,0
2969,0,0,0
2970,0,1,0
2971,0,0,0
2972,0,0,0
2973,0,0,0
2974,0,0,0
2975,0,0,0
2976,0,0,0
2977,0,0,0
2978,0,0,0
2979,0,0,0
2980,0,0,0
2981,0,0,0
2982,0,0,0
2983,0,0,0
2984,0,0,0
2985,0,0,0
2986,0,0,0
2987,0,0,0
2988,0,0,0
2989,0,0,0
2990,0,0,0
2991,0,0,0
2992,0,0,0
2993,0,0,0
2994,0,0,0
2995,0,0,0
2996,0,0,0
2997,0,0,0
2998,0,0,0
2999,0,0,0
3000,0,0,0
3001,0,0,0
3002,0,0,0
3003,0,0,0
3004,0,0,0
3005,0,0,0
3006,0,1,0
3007,0,0,0
3008,0,0,0
3009,0,0,0
3010,0,0,0
3011,0,0,0
3012,0,0,0
3013,0,0,0
3014,0,0,0
3015,0,0,0
3016,0,1,0
3017,0,0,0
3018,0,0,0
3019,0,0,0
3020,0,1,0
3021,0,0,0
3022,0,0,0
3023,0,0,0
3024,0,0,0
3025,0,0,0
3026,0,1,0
3027,0,0,0
3028,0,0,0
3029,0,0,0
3030,0,1,0
3031,0,0,0
3032,0,0,0
3033,0,1,0
3034,0,0,0
3035,0,0,0
3036,0,0,0
3037,0,0,0
3038,0,0,0
3039,0,0,0
3040,0,0,0
3041,0,0,0
3042,0,0,0
3043,0,0,0
3044,0,0,0
3045,0,0,0
3046,1,0,0
3047,0,0,1
3048,0,0,1
3049,0,0,1
3050,0,0,1
3051,0,0,1
3052,0,0,0
3053,1,0,0
3054,0,0,1
3055,0,0,1
3056,0,0,1
3057,0,0,1
3058,1,0,1
3059,0,0,1
3060,0,0,1
3061,0,0,1
3062,1,0,1
3063,0,0,1
3064,0,0,1
3065,0,0,1
3066,0,0,1
3067,0,0,1
3068,0,0,0
3069,0,0,0
3070,0,0,0
3071,0,0,0
3072,0,0,0
3073,0,0,0
3074,0,0,0
3075,0,0,0
3076,0,0,0
3077,0,0,0
3078,0,0,0
3079,0,0,0
3080,0,0,0
3081,0,0,0
3082,0,0,0
3083,0,0,0
3084,0,0,0
3085,0,1,0
3086,0,0,0
3087,0,0,0
3088,0,0,0
3089,0,0,0
3090,0,0,0
3091,0,0,0
3092,0,0,0
3093,0,1,0
3094,0,0,0
3095,0,0,0
3096,0,0,0
3097,0,1,0
3098,0,0,0
3099,0,0,0
3100,0,0,0
3101,0,0,0
3102,0,0,0
3103,0,0,0
3104,0,1,0
3105,0,0,0
3106,0,0,0
3107,0,0,0
3108,0,0,0
3109,0,0,0
3110,0,0,0
3111,0,0,0
3112,0,0,0
3113,0,0,0
3114,0,0,0
3115,0,0,0
3116,0,0,0
3117,0,0,0
3118,0,0,0
3119,0,0,0
3120,0,0,0
3121,0,1,0
3122,0,0,0
3123,0,0,0
3124,0,0,0
3125,0,0,0
3126,0,1,0
3127,0,0,0
3128,0,0,0
3129,0,0,0
3130,0,1,0
3131,0,0,0
3132,0,0,0
3133,0,0,0
3134,0,0,0
3135,0,0,0
3136,0,1,0
3137,0,0,0
3138,0,0,0
3139,0,0,0
3140,0,0,0
3141,0,1,0
3142,0,0,0
3143,0,0,0
3144,0,0,0
3145,0,0,0
3146,0,1,0
3147,0,0,0
3148,0,0,0
3149,0,0,0
3150,0,0,0
3151,0,0,0
3152,0,0,0
3153,0,1,0
3154,0,0,0
3155,0,0,0
3156,0,0,0
3157,0,0,0
3158,0,0,0
3159,0,0,0
3160,0,0,0
3161,0,0,0
3162,0,0,0
3163,0,0,0
3164,0,0,0
3165,0,0,0
3166,0,0,0
3167,0,0,0
3168,0,0,0
3169,0,0,0
3170,0,0,0
3171,0,0,0
3172,0,0,0
3173,0,0,0
3174,0,0,0
3175,0,0,0
3176,0,0,0
3177,0,0,0
3178,0,0,0
3179,0,0,0
3180,0,0,0
3181,0,0,0
3182,0,0,0
3183,0,0,0
3184,0,0,0
3185,0,0,0
3186,0,0,0
3187,0,0,0
3188,0,0,0
3189,0,0,0
3190,0,0,0
3191,0,0,0
3192,0,0,0
3193,0,0,0
3194,0,0,0
3195,0,0,0
3196,0,0,0
3197,0,0,0
3198,0,0,0
3199,0,0,0
3200,0,0,0
3201,0,0,0
3202,0,0,0
3203,0,0,0
3204,0,0,0
3205,0,0,0
3206,0,0,0
3207,0,0,0
3208,0,0,0
3209,0,0,0
3210,0,0,0
3211,0,0,0
3212,0,0,0
3213,0,0,0
3214,0,1,0
3215,0,0,0
3216,0,0,0
3217,0,0,0
3218,0,0,0
3219,0,0,0
3220,0,0,0
3221,0,0,0
3222,0,1,0
3223,0,0,0
3224,0,0,0
3225,0,0,0
3226,0,1,0
3227,0,0,0
3228,0,0,0
3229,0,0,0
3230,0,0,0
3231,0,0,0
3232,0,0,0
3233,0,0,0
3234,0,0,0
3235,0,0,0
3236,0,0,0
3237,0,0,0
3238,0,0,0
3239,0,1,0
3240,0,0,0
3241,0,0,0
3242,0,1,0
3243,0,0,0
3244,0,0,0
3245,0,0,0
3246,0,0,0
3247,0,0,0
3248,0,1,0
3249,0,0,0
3250,0,0,0
3251,0,1,0
3252,0,0,0
3253,0,0,0
3254,0,0,0
3255,0,0,0
3256,0,0,0
3257,0,0,0
3258,0,0,0
3259,0,0,0
3260,0,0,0
3261,0,0,0
3262,0,0,0
3263,0,0,0
3264,0,0,0
3265,0,0,0
3266,0,0,0
3267,0,0,0
3268,0,1,0
3269,0,0,0
3270,0,0,0
3271,0,1,0
3272,0,0,0
3273,0,0,0
3274,0,0,0
3275,0,0,0
3276,0,0,0
3277,0,0,0
3278,0,0,0
3279,0,0,0
3280,0,0,0
3281,0,0,0
3282,0,0,0
3283,0,0,0
3284,0,0,0
3285,0,0,0
3286,0,0,0
3287,0,0,0
3288,0,0,0
3289,0,0,0
3290,0,0,0
3291,0,0,0
3292,0,0,0
3293,0,1,0
3294,0,0,0
3295,0,0,0
3296,0,0,0
3297,0,0,0
3298,0,0,0
3299,0,0,0
3300,0,0,0
3301,0,0,0
3302,0,1,0
